{
    "futuremenu": [{
            "holder": "郑州商品交易所",
            "data": [{
                    "name": "PTA",
                    "urlCode": "nf_TA0"
                },
                {
                    "name": "菜油",
                    "urlCode": "nf_OI0"
                },
                {
                    "name": "菜籽",
                    "urlCode": "nf_RS0"
                },
                {
                    "name": "菜粕",
                    "urlCode": "nf_RM0"
                },
                {
                    "name": "动力煤",
                    "urlCode": "nf_ZC0"
                },
                {
                    "name": "强麦",
                    "urlCode": "nf_WH0"
                },
                {
                    "name": "粳稻",
                    "urlCode": "nf_JR0"
                }
            ]
        },
        {
            "holder": "大连商品交易所",
            "data": [{
                    "name": "PVC",
                    "urlCode": "nf_V0"
                },
                {
                    "name": "棕榈",
                    "urlCode": "nf_P0"
                },
                {
                    "name": "豆二",
                    "urlCode": "nf_B0"
                },
                {
                    "name": "豆粕",
                    "urlCode": "nf_M0"
                },
                {
                    "name": "铁矿石",
                    "urlCode": "nf_I0"
                },
                {
                    "name": "鸡蛋",
                    "urlCode": "nf_JD0"
                },
                {
                    "name": "塑料",
                    "urlCode": "nf_L0"
                }
            ]
        },
        {
            "holder": "上海期货交易所",
            "data": [{
                    "name": "燃油",
                    "urlCode": "nf_FU0"
                },
                {
                    "name": "原油",
                    "urlCode": "nf_SC0"
                },
                {
                    "name": "沪铝",
                    "urlCode": "nf_AL0"
                },
                {
                    "name": "橡胶",
                    "urlCode": "nf_RU0"
                },
                {
                    "name": "沪锌",
                    "urlCode": "nf_ZN0"
                },
                {
                    "name": "沪铜",
                    "urlCode": "nf_CU0"
                },
                {
                    "name": "黄金",
                    "urlCode": "nf_AU0"
                }
            ]
        },
        {
            "holder": "其他",
            "data": [{
                    "name": "伦敦金",
                    "urlCode": "hf_XAU"
                },
                {
                    "name": "伦敦银",
                    "urlCode": "hf_XAG"
                }
            ]
        },
        {
            "holder": "外汇",
            "data": [{
                    "name": "美元人民币",
                    "urlCode": "USDCNY"
                },
                {
                    "name": "人民币日元",
                    "urlCode": "CNYJPY"
                },
                {
                    "name": "欧元人民币",
                    "urlCode": "EURCNY"
                },
                {
                    "name": "美元指数",
                    "urlCode": "DINIW"
                }
            ]
        }

    ]
}